Name,Age,Education,Years_of_Experience,Job_Role,Salary
Emily Smith,59,Bachelor's,28,Product Manager,2003292
Jessica Davis,39,Bachelor's,10,Data Scientist,1173115
Emily Moore,56,Master's,23,Software Engineer,1892889
Daniel Wilson,50,Bachelor's,5,Software Engineer,902439
John Williams,41,Bachelor's,0,Data Scientist,555498
Jessica Taylor,47,Bachelor's,26,Designer,1755440
John Moore,48,Bachelor's,27,Data Scientist,1963329
Nicole Wilson,23,Master's,0,Data Scientist,710968
Chris Jackson,41,Bachelor's,8,Product Manager,995862
John Garcia,22,Bachelor's,1,Analyst,441897
William Rodriguez,27,Bachelor's,3,Data Scientist,767705
James Hernandez,22,Bachelor's,1,Software Engineer,530166
Michael Gonzalez,24,Bachelor's,1,Software Engineer,581948
Amanda Lopez,30,Bachelor's,3,Designer,657839
Robert Johnson,35,Bachelor's,7,Analyst,774058
Nicole Brown,41,Master's,15,Analyst,1292925
Michael Moore,44,Bachelor's,12,Product Manager,1239215
Elizabeth Lopez,55,Master's,34,Designer,2277257
James Williams,25,Bachelor's,1,Software Engineer,533673
Jessica Martinez,43,Master's,4,Software Engineer,1020985
Jessica Brown,60,Master's,21,Analyst,1607252
Robert Anderson,34,Master's,2,Product Manager,851639
Sarah Lopez,46,Master's,22,Product Manager,1949202
James Rodriguez,35,Bachelor's,9,Software Engineer,981184
Elizabeth Garcia,33,Bachelor's,2,Designer,520421
Jessica Garcia,52,PhD,3,Analyst,1041503
Joseph Rodriguez,43,Bachelor's,6,Designer,783732
Jessica Hernandez,52,Bachelor's,6,Software Engineer,995051
Jessica Johnson,42,Master's,1,Product Manager,822087
Joseph Rodriguez,48,Bachelor's,27,Software Engineer,1857057
James Jackson,40,Bachelor's,10,Product Manager,1092772
James Thomas,53,Bachelor's,0,Analyst,475536
Chris Jones,33,Bachelor's,8,Product Manager,984953
David Davis,57,Bachelor's,32,Designer,1969002
Nicole Rodriguez,44,Bachelor's,14,Designer,1194669
Melissa Jackson,32,Bachelor's,6,Analyst,631962
Amanda Davis,57,Bachelor's,16,Data Scientist,1473424
Matthew Thomas,43,Bachelor's,4,Software Engineer,840796
Jane Brown,21,Bachelor's,0,Data Scientist,558611
Sarah Wilson,52,Bachelor's,5,Designer,767072
Michael Gonzalez,24,Master's,2,Analyst,643812
Elizabeth Anderson,44,Master's,4,Designer,840624
Robert Moore,26,Bachelor's,5,Software Engineer,749198
Emily Moore,49,Bachelor's,2,Product Manager,757019
William Brown,56,Master's,18,Product Manager,1669686
Melissa Garcia,27,PhD,3,Analyst,918665
John Rodriguez,60,PhD,38,Designer,2615221
Sarah Taylor,45,PhD,17,Software Engineer,1739486
Ashley Taylor,50,Bachelor's,9,Designer,1029754
James Jones,22,Bachelor's,0,Product Manager,568557
Sarah Moore,32,PhD,4,Designer,959398
John Martin,55,Master's,18,Product Manager,1733761
Stephanie Smith,23,Master's,1,Software Engineer,706799
Amanda Martinez,28,Master's,3,Data Scientist,899093
Jane Davis,40,Bachelor's,2,Designer,572756
Michael Williams,22,Bachelor's,1,Analyst,360242
Michael Moore,56,Bachelor's,32,Data Scientist,2100777
David Thomas,28,Master's,6,Designer,889291
Sarah Rodriguez,53,Bachelor's,11,Designer,1040774
Elizabeth Wilson,50,PhD,5,Data Scientist,1322635
Nicole Miller,28,Bachelor's,2,Product Manager,726685
Joseph Lopez,53,Bachelor's,4,Analyst,648259
Matthew Anderson,39,Bachelor's,3,Software Engineer,716968
Jessica Davis,48,PhD,13,Software Engineer,1632426
William Smith,55,Bachelor's,23,Designer,1714451
Nicole Davis,53,Bachelor's,20,Designer,1552418
Jessica Smith,53,Bachelor's,2,Software Engineer,810575
Jane Davis,23,Bachelor's,1,Software Engineer,587699
Jane Hernandez,52,PhD,14,Software Engineer,1679945
Matthew Davis,22,Master's,1,Product Manager,700781
Stephanie Miller,53,Master's,8,Designer,1052265
David Jackson,46,Bachelor's,2,Designer,604658
Stephanie Davis,44,Bachelor's,12,Analyst,1001192
Melissa Miller,43,Bachelor's,14,Software Engineer,1277507
Emily Wilson,22,Bachelor's,1,Product Manager,594914
Melissa Wilson,42,Bachelor's,21,Analyst,1387379
Jane Brown,26,Bachelor's,5,Software Engineer,827475
Joseph Hernandez,25,Master's,3,Software Engineer,819366
Jessica Miller,52,Bachelor's,19,Data Scientist,1551560
Nicole Anderson,36,PhD,12,Data Scientist,1560323
Melissa Garcia,50,Master's,18,Product Manager,1643352
Chris Davis,46,Bachelor's,4,Software Engineer,775234
Chris Moore,43,Master's,8,Software Engineer,1100419
Jane Moore,45,PhD,7,Software Engineer,1312754
Michael Davis,21,PhD,0,Data Scientist,925091
Melissa Thomas,42,Bachelor's,2,Analyst,618225
James Gonzalez,36,Master's,2,Software Engineer,864924
Sarah Gonzalez,32,Master's,9,Software Engineer,1183985
Joseph Rodriguez,41,Bachelor's,6,Analyst,819827
Ashley Wilson,30,Master's,5,Designer,833883
Stephanie Jones,54,Bachelor's,30,Data Scientist,2060755
Ashley Miller,25,Bachelor's,4,Software Engineer,767237
Daniel Moore,44,Master's,15,Software Engineer,1484697
William Johnson,47,Bachelor's,19,Software Engineer,1506768
Daniel Thomas,55,Bachelor's,32,Designer,2036454
Matthew Garcia,23,PhD,0,Software Engineer,887838
Matthew Williams,30,Bachelor's,1,Data Scientist,592250
Michael Martin,46,Bachelor's,7,Software Engineer,1026155
Jessica Gonzalez,30,Bachelor's,9,Software Engineer,991863
Daniel Davis,31,Master's,7,Designer,882822
Elizabeth Johnson,41,Bachelor's,3,Designer,694695
Michael Wilson,55,Bachelor's,17,Designer,1394322
Daniel Taylor,52,Master's,23,Product Manager,1825833
Robert Miller,33,Master's,6,Product Manager,1052325
Jessica Rodriguez,50,Bachelor's,16,Analyst,1132736
David Martinez,33,Bachelor's,10,Analyst,875315
William Williams,56,PhD,11,Software Engineer,1547065
Chris Martin,48,Master's,13,Designer,1347488
Emily Williams,39,Bachelor's,14,Designer,1165693
James Taylor,41,PhD,3,Product Manager,1105114
David Lopez,36,Bachelor's,8,Software Engineer,990353
Jessica Lopez,31,PhD,1,Product Manager,1058511
Sarah Anderson,29,Bachelor's,0,Designer,469798
Ashley Martin,29,Master's,1,Designer,638722
John Moore,22,Bachelor's,0,Product Manager,565320
Emily Jones,21,Master's,0,Product Manager,634029
Emily Brown,37,PhD,6,Designer,1108733
David Rodriguez,51,Master's,18,Product Manager,1720536
Elizabeth Miller,59,Bachelor's,26,Product Manager,1870952
James Rodriguez,33,Bachelor's,1,Designer,453968
Stephanie Rodriguez,40,Bachelor's,7,Software Engineer,1002325
Michael Wilson,33,PhD,11,Product Manager,1496851
Jane Smith,45,Bachelor's,23,Product Manager,1756548
David Rodriguez,52,Bachelor's,12,Data Scientist,1261976
Chris Moore,41,Bachelor's,15,Analyst,1160850
Nicole Smith,38,Master's,14,Software Engineer,1409790
Michael Jones,34,Master's,0,Designer,669892
Jane Lopez,31,PhD,9,Designer,1250333
Nicole Jones,28,Bachelor's,5,Analyst,565705
David Johnson,48,Bachelor's,3,Product Manager,853664
Amanda Johnson,48,Bachelor's,27,Product Manager,1874268
James Davis,37,Bachelor's,8,Software Engineer,915967
Amanda Moore,40,Master's,12,Analyst,1183109
Elizabeth Jones,22,PhD,1,Data Scientist,1023066
Sarah Garcia,25,Master's,0,Analyst,533624
John Garcia,31,Master's,4,Product Manager,933948
Melissa Davis,45,Master's,21,Product Manager,1738500
Sarah Brown,55,Bachelor's,0,Analyst,524394
Jane Thomas,26,Master's,3,Data Scientist,940453
James Anderson,57,Master's,9,Product Manager,1307998
Ashley Davis,37,Bachelor's,13,Data Scientist,1209187
John Miller,24,Master's,1,Analyst,526550
William Rodriguez,60,Bachelor's,31,Software Engineer,1958272
Robert Lopez,23,Bachelor's,2,Designer,516441
Joseph Moore,21,Bachelor's,0,Product Manager,583563
John Brown,37,Bachelor's,15,Product Manager,1321048
Sarah Jackson,43,Master's,14,Product Manager,1496101
Jane Brown,59,Master's,37,Designer,2405946
Melissa Lopez,54,Master's,33,Product Manager,2283186
Melissa Martin,54,Master's,32,Designer,2158637
Emily Gonzalez,50,Bachelor's,22,Designer,1600555
James Rodriguez,30,Master's,7,Software Engineer,1077309
Melissa Smith,37,PhD,4,Designer,959302
Nicole Miller,31,Bachelor's,2,Product Manager,686106
Melissa Williams,43,Bachelor's,22,Product Manager,1713782
Elizabeth Hernandez,24,Master's,3,Software Engineer,802285
Ashley Taylor,45,Master's,2,Product Manager,928382
Melissa Hernandez,39,Bachelor's,4,Analyst,632602
Ashley Moore,42,Bachelor's,20,Data Scientist,1489723
James Wilson,54,Bachelor's,13,Analyst,1138645
Sarah Martin,47,Bachelor's,8,Designer,1005942
Ashley Gonzalez,50,PhD,10,Designer,1375488
John Martinez,37,Master's,3,Product Manager,887847
James Wilson,35,Bachelor's,14,Designer,1160796
Elizabeth Hernandez,42,Master's,13,Analyst,1183066
Chris Anderson,46,Bachelor's,13,Data Scientist,1200442
Matthew Thomas,27,Master's,2,Data Scientist,960326
Michael Martinez,38,Bachelor's,5,Designer,788602
Elizabeth Hernandez,35,Master's,8,Software Engineer,1132769
Jessica Martinez,37,Bachelor's,6,Data Scientist,873661
James Jones,45,Bachelor's,16,Software Engineer,1293932
Jane Davis,38,Bachelor's,14,Analyst,1066975
Elizabeth Williams,42,Bachelor's,1,Analyst,563177
Melissa Jackson,57,Master's,5,Data Scientist,1208265
Joseph Thomas,54,Master's,5,Analyst,889362
Jessica Jones,26,Bachelor's,5,Software Engineer,779279
Emily Wilson,24,Bachelor's,1,Data Scientist,590856
Sarah Taylor,29,Bachelor's,6,Analyst,653496
Jane Moore,51,Master's,7,Data Scientist,1223379
Emily Anderson,35,PhD,5,Data Scientist,1224627
Chris Taylor,50,Master's,23,Designer,1777349
Elizabeth Hernandez,31,Bachelor's,7,Analyst,764752
Elizabeth Taylor,25,Bachelor's,1,Analyst,430190
Nicole Anderson,32,Master's,0,Data Scientist,655361
Stephanie Anderson,58,Bachelor's,36,Product Manager,2303581
Jessica Rodriguez,23,Bachelor's,0,Designer,449073
Stephanie Davis,30,Bachelor's,4,Product Manager,755421
Chris Williams,57,Master's,8,Product Manager,1280282
Jessica Rodriguez,31,Master's,7,Product Manager,1065451
William Moore,25,PhD,3,Software Engineer,1046185
David Jones,34,Master's,4,Data Scientist,970463
Joseph Jones,42,Master's,7,Data Scientist,1140252
Michael Wilson,57,Master's,13,Analyst,1265430
William Moore,39,Bachelor's,13,Analyst,1061476
Melissa Johnson,24,Master's,0,Data Scientist,773048
Melissa Gonzalez,59,Master's,13,Designer,1346804
John Jackson,58,Master's,32,Analyst,2040770
Stephanie Smith,53,Bachelor's,1,Product Manager,752142
Ashley Gonzalez,60,Master's,39,Analyst,2342301
Nicole Moore,35,Master's,14,Designer,1333366
Jessica Thomas,50,Bachelor's,6,Data Scientist,1029106
Robert Wilson,53,Bachelor's,3,Analyst,683634
John Gonzalez,30,Master's,4,Product Manager,971001
Joseph Garcia,51,Master's,14,Analyst,1277216
David Martin,44,Bachelor's,19,Designer,1384409
John Gonzalez,24,Master's,3,Designer,744895
Daniel Smith,47,Master's,18,Software Engineer,1563343
Melissa Jones,25,Bachelor's,3,Analyst,526042
Sarah Johnson,30,Bachelor's,7,Product Manager,883346
Joseph Hernandez,32,Bachelor's,9,Data Scientist,945011
Chris Hernandez,38,Bachelor's,0,Product Manager,698786
Joseph Rodriguez,57,Master's,7,Analyst,1035090
Robert Williams,48,Bachelor's,25,Analyst,1596829
John Moore,46,Bachelor's,13,Software Engineer,1234316
Amanda Davis,43,Master's,0,Software Engineer,886547
Jane Smith,41,Bachelor's,14,Data Scientist,1328574
James Smith,29,Master's,3,Designer,718194
David Davis,45,PhD,10,Data Scientist,1508221
Stephanie Brown,27,Bachelor's,1,Designer,505454
James Anderson,44,Bachelor's,6,Product Manager,973821
Amanda Garcia,44,Bachelor's,0,Designer,608958
Elizabeth Brown,48,Master's,17,Data Scientist,1669969
Ashley Brown,27,PhD,0,Designer,789244
John Martinez,48,Bachelor's,7,Designer,842218
Joseph Gonzalez,21,Bachelor's,0,Data Scientist,505491
Michael Jackson,39,Bachelor's,16,Data Scientist,1309549
Emily Martinez,50,Bachelor's,15,Designer,1312448
Emily Jackson,48,Bachelor's,16,Software Engineer,1289625
Amanda Moore,58,Bachelor's,3,Analyst,623503
Amanda Williams,54,Bachelor's,32,Designer,1972867
William Smith,48,Master's,17,Analyst,1463795
Stephanie Brown,23,Master's,2,Analyst,520198
Amanda Anderson,28,Bachelor's,5,Data Scientist,872331
Melissa Garcia,48,Master's,14,Designer,1359519
Robert Martin,55,PhD,31,Designer,2367391
Stephanie Anderson,36,PhD,3,Analyst,936616
Daniel Rodriguez,41,Bachelor's,13,Product Manager,1178836
Jessica Williams,22,Master's,0,Product Manager,768087
Chris Davis,40,Bachelor's,10,Analyst,966007
Daniel Martin,32,Master's,3,Analyst,629679
William Smith,58,Bachelor's,29,Analyst,1814151
William Garcia,42,Bachelor's,11,Analyst,987412
James Lopez,30,PhD,7,Product Manager,1215608
William Rodriguez,37,Master's,13,Designer,1248269
Robert Moore,22,Bachelor's,0,Software Engineer,554695
Matthew Miller,24,Bachelor's,1,Software Engineer,540993
Jessica Wilson,54,Master's,22,Analyst,1666636
Nicole Davis,56,Bachelor's,33,Analyst,2037913
Stephanie Anderson,45,Master's,5,Software Engineer,1044060
Michael Martinez,32,Bachelor's,8,Data Scientist,1031680
Joseph Davis,30,Bachelor's,0,Product Manager,602844
Daniel Lopez,22,PhD,1,Analyst,659211
Nicole Taylor,21,Bachelor's,0,Product Manager,485125
Melissa Moore,41,Bachelor's,10,Product Manager,1134118
Amanda Anderson,56,PhD,34,Product Manager,2590042
Ashley Rodriguez,42,Bachelor's,4,Data Scientist,852267
Emily Miller,56,Bachelor's,19,Product Manager,1594120
Emily Moore,54,Master's,8,Data Scientist,1261679
James Miller,29,Bachelor's,8,Analyst,833571
Robert Jackson,60,Bachelor's,24,Designer,1669253
Elizabeth Martinez,23,Master's,1,Software Engineer,690488
James Martinez,54,Bachelor's,11,Data Scientist,1275696
Amanda Garcia,37,Master's,9,Product Manager,1160755
John Moore,36,Master's,7,Data Scientist,1118270
Robert Johnson,51,Master's,20,Software Engineer,1769065
Nicole Martinez,28,PhD,0,Data Scientist,999719
Stephanie Brown,32,PhD,10,Software Engineer,1415561
Daniel Martinez,43,Bachelor's,20,Analyst,1378864
Stephanie Anderson,27,Bachelor's,5,Product Manager,778549
Sarah Johnson,28,Bachelor's,1,Product Manager,651128
Stephanie Brown,49,Master's,17,Software Engineer,1592232
Joseph Thomas,59,Master's,16,Software Engineer,1574454
Daniel Johnson,44,Bachelor's,2,Data Scientist,812927
David Jackson,60,Master's,25,Product Manager,2010495
Michael Davis,59,Master's,14,Software Engineer,1594312
Nicole Wilson,33,Bachelor's,1,Designer,548407
Elizabeth Martin,22,Bachelor's,0,Data Scientist,547493
Matthew Gonzalez,52,Bachelor's,2,Analyst,554718
Chris Martinez,49,Bachelor's,16,Designer,1387955
Melissa Martinez,30,Bachelor's,8,Designer,827859
Elizabeth Johnson,40,Master's,4,Designer,856645
Emily Miller,50,Bachelor's,17,Data Scientist,1479520
Robert Williams,57,Bachelor's,24,Data Scientist,1812621
Jessica Garcia,24,PhD,3,Designer,894477
Michael Garcia,57,Bachelor's,36,Software Engineer,2328372
Melissa Anderson,44,PhD,10,Designer,1344817
Stephanie Martinez,54,Master's,24,Software Engineer,1916456
Jessica Martinez,49,Master's,21,Product Manager,1759889
Chris Williams,30,Bachelor's,1,Data Scientist,672742
Robert Jackson,43,Bachelor's,16,Data Scientist,1426327
Melissa Brown,40,Bachelor's,16,Designer,1307820
Jessica Jones,37,Master's,2,Product Manager,846841
David Williams,58,Bachelor's,12,Software Engineer,1362725
Sarah Martinez,34,Bachelor's,4,Designer,714513
Daniel Martinez,23,Bachelor's,2,Analyst,468606
Emily Anderson,60,Bachelor's,24,Product Manager,1833302
Joseph Rodriguez,54,Bachelor's,23,Designer,1626519
Nicole Thomas,57,Master's,12,Analyst,1213191
Michael Martin,33,Bachelor's,0,Software Engineer,586730
Melissa Hernandez,23,Bachelor's,1,Designer,520218
Robert Smith,33,Master's,12,Software Engineer,1337497
Jessica Jackson,48,Bachelor's,0,Designer,557544
John Rodriguez,33,Bachelor's,10,Designer,911246
Jane Garcia,25,PhD,2,Analyst,840946
Matthew Anderson,51,Bachelor's,22,Product Manager,1667634
Sarah Jackson,59,Bachelor's,30,Analyst,1901238
Stephanie Williams,22,Master's,1,Analyst,522716
Amanda Wilson,33,PhD,10,Product Manager,1396276
William Brown,37,Bachelor's,7,Data Scientist,997299
William Wilson,55,Bachelor's,5,Analyst,845349
Ashley Gonzalez,27,Bachelor's,1,Designer,484954
Jane Anderson,35,Master's,13,Software Engineer,1392423
William Rodriguez,42,Bachelor's,3,Product Manager,811920
Emily Gonzalez,37,Bachelor's,9,Designer,898848
John Moore,42,Master's,17,Analyst,1362550
Melissa Johnson,32,Bachelor's,6,Data Scientist,915391
Matthew Lopez,53,Bachelor's,5,Designer,796112
Stephanie Anderson,43,Bachelor's,1,Software Engineer,713248
James Rodriguez,49,Bachelor's,3,Designer,655609
David Martinez,49,Bachelor's,28,Analyst,1734728
Stephanie Brown,52,Master's,1,Software Engineer,859627
Elizabeth Davis,23,PhD,0,Data Scientist,905815
Ashley Moore,48,PhD,20,Software Engineer,1906809
Nicole Wilson,21,Bachelor's,0,Software Engineer,586968
Jessica Brown,58,Master's,14,Analyst,1346767
Emily Jones,44,Bachelor's,11,Analyst,966999
Ashley Taylor,36,PhD,10,Product Manager,1446663
Melissa Thomas,28,Bachelor's,6,Analyst,661100
Jessica Anderson,27,Master's,2,Designer,717724
David Gonzalez,23,Bachelor's,1,Data Scientist,608727
Elizabeth Taylor,50,Bachelor's,13,Data Scientist,1251082
Michael Rodriguez,29,Bachelor's,5,Analyst,653066
William Taylor,42,Bachelor's,21,Product Manager,1543128
John Martinez,33,Bachelor's,0,Product Manager,681113
Daniel Jackson,38,Bachelor's,17,Analyst,1151551
David Anderson,45,PhD,0,Designer,920416
Stephanie Lopez,28,Bachelor's,2,Product Manager,664138
Nicole Moore,52,Bachelor's,14,Analyst,1136485
Chris Hernandez,42,Bachelor's,19,Data Scientist,1534681
Jessica Jackson,33,Master's,0,Analyst,528781
Jessica Wilson,46,Bachelor's,21,Software Engineer,1640538
William Thomas,60,Bachelor's,10,Analyst,1035478
Joseph Jones,26,PhD,0,Analyst,727385
Jane Jones,32,PhD,7,Designer,1130602
Daniel Hernandez,48,Bachelor's,19,Software Engineer,1531762
Chris Brown,42,Bachelor's,2,Designer,660177
Chris Smith,34,Master's,10,Data Scientist,1312665
Melissa Jones,45,Master's,12,Software Engineer,1396434
Stephanie Rodriguez,39,Bachelor's,13,Product Manager,1256541
Elizabeth Gonzalez,52,Bachelor's,18,Software Engineer,1480684
William Moore,26,Master's,1,Analyst,594239
William Thomas,23,Bachelor's,1,Designer,399103
Jane Martin,49,Bachelor's,21,Software Engineer,1608470
Jessica Martinez,50,Master's,20,Data Scientist,1698813
Michael Wilson,44,Master's,19,Software Engineer,1692132
Emily Anderson,44,Master's,17,Data Scientist,1635632
Ashley Smith,52,Bachelor's,8,Software Engineer,1053156
William Johnson,22,PhD,0,Product Manager,968733
Amanda Lopez,26,PhD,1,Analyst,738471
David Davis,23,Bachelor's,0,Designer,375478
Melissa Jackson,41,Bachelor's,14,Data Scientist,1288564
Sarah Garcia,50,Master's,22,Software Engineer,1872343
Elizabeth Gonzalez,34,Bachelor's,13,Designer,1059979
Jessica Thomas,34,Bachelor's,7,Designer,810798
David Davis,40,Bachelor's,1,Analyst,440996
Robert Anderson,48,Master's,1,Product Manager,919422
John Anderson,25,Master's,0,Product Manager,650264
Nicole Garcia,23,Bachelor's,1,Software Engineer,573104
Chris Lopez,30,Master's,9,Designer,1031461
Ashley Wilson,28,PhD,2,Product Manager,978864
Chris Martinez,40,Master's,10,Data Scientist,1260511
Joseph Thomas,48,Master's,14,Software Engineer,1540686
Jessica Gonzalez,40,PhD,17,Designer,1632042
Amanda Jackson,46,Bachelor's,0,Product Manager,649459
Ashley Smith,26,PhD,4,Analyst,920145
Robert Smith,34,Bachelor's,11,Designer,918589
Jane Martin,44,Bachelor's,10,Analyst,871598
Ashley Davis,43,Bachelor's,11,Designer,1063654
Amanda Davis,43,Bachelor's,12,Data Scientist,1230985
Elizabeth Rodriguez,28,Bachelor's,1,Data Scientist,648823
Emily Johnson,28,Bachelor's,4,Product Manager,761872
Chris Johnson,54,Master's,0,Designer,743697
Amanda Jones,46,Master's,10,Software Engineer,1364513
Ashley Hernandez,28,Bachelor's,6,Analyst,667998
Sarah Miller,32,PhD,10,Data Scientist,1477598
Nicole Lopez,39,Master's,15,Designer,1399386
Matthew Rodriguez,25,Bachelor's,0,Data Scientist,620205
Robert Thomas,29,Bachelor's,4,Product Manager,764404
William Brown,31,Master's,3,Analyst,730862
Michael Jones,33,Bachelor's,8,Data Scientist,991818
Joseph Moore,31,Bachelor's,0,Product Manager,585577
Michael Gonzalez,35,Bachelor's,0,Software Engineer,595623
Robert Moore,27,Master's,6,Software Engineer,950647
Chris Lopez,52,Bachelor's,16,Product Manager,1347364
Daniel Gonzalez,58,Bachelor's,25,Product Manager,1870543
Emily Davis,22,Bachelor's,1,Analyst,362039
John Martin,41,Bachelor's,7,Designer,833309
William Martin,46,Bachelor's,24,Data Scientist,1766627
Michael Anderson,54,Bachelor's,14,Product Manager,1410487
Melissa Brown,26,Master's,5,Data Scientist,996376
Jane Johnson,41,Bachelor's,10,Product Manager,1141234
Stephanie Brown,45,PhD,3,Software Engineer,1151051
Jessica Moore,35,PhD,3,Data Scientist,1094645
Joseph Anderson,24,Bachelor's,3,Product Manager,691076
Nicole Wilson,47,Bachelor's,14,Designer,1164459
David Wilson,50,Bachelor's,17,Software Engineer,1456446
Stephanie Martin,33,Master's,3,Analyst,662458
Robert Johnson,30,Bachelor's,6,Product Manager,875329
James Anderson,27,Bachelor's,6,Analyst,601583
Jessica Lopez,56,Bachelor's,19,Software Engineer,1584799
Amanda Moore,27,Bachelor's,5,Product Manager,816328
Jane Gonzalez,33,Master's,6,Product Manager,1020626
James Brown,41,Master's,8,Analyst,934996
Michael Miller,28,Bachelor's,7,Designer,805581
John Johnson,46,Bachelor's,4,Product Manager,887207
Jessica Jones,59,Master's,9,Designer,1201301
James Williams,39,Bachelor's,3,Designer,609118
James Jackson,55,Bachelor's,33,Data Scientist,2180416
Jessica Hernandez,41,Bachelor's,16,Data Scientist,1353463
Elizabeth Smith,27,Bachelor's,2,Product Manager,640069
David Jones,34,Bachelor's,12,Designer,1056006
Robert Garcia,55,Master's,6,Software Engineer,1130219
John Jones,23,Bachelor's,1,Software Engineer,623055
Amanda Davis,59,Bachelor's,23,Designer,1693857
William Smith,39,Master's,3,Data Scientist,879882
Robert Johnson,56,Bachelor's,32,Data Scientist,2176514
Melissa Taylor,29,Bachelor's,7,Software Engineer,942956
Michael Thomas,33,Master's,0,Analyst,497938
Amanda Taylor,25,Bachelor's,3,Designer,626046
Emily Anderson,23,Bachelor's,1,Designer,483341
Jessica Martin,23,Master's,1,Software Engineer,800902
Matthew Martinez,50,Bachelor's,19,Analyst,1378941
John Johnson,56,Bachelor's,4,Analyst,677372
Joseph Wilson,36,Bachelor's,9,Software Engineer,1048176
Stephanie Anderson,36,Bachelor's,11,Software Engineer,1157169
Michael Hernandez,36,Bachelor's,13,Designer,1122493
David Williams,48,Bachelor's,18,Data Scientist,1567156
Robert Martin,41,Master's,19,Designer,1542849
Nicole Hernandez,38,Master's,7,Analyst,921821
Elizabeth Taylor,58,Bachelor's,33,Product Manager,2181830
Chris Taylor,56,Bachelor's,32,Designer,1967710
Melissa Brown,22,Bachelor's,0,Software Engineer,468486
Nicole Miller,21,Bachelor's,0,Analyst,305865
Chris Davis,24,Bachelor's,1,Analyst,327884
William Anderson,55,Bachelor's,21,Analyst,1477039
Melissa Brown,55,Master's,29,Product Manager,2152374
Melissa Hernandez,50,Master's,13,Product Manager,1413904
Amanda Jones,29,Bachelor's,4,Analyst,621681
Michael Williams,47,Bachelor's,1,Software Engineer,707492
Michael Wilson,30,Bachelor's,8,Software Engineer,969240
Amanda Jones,53,Bachelor's,30,Designer,1971291
Jane Jackson,23,Bachelor's,2,Designer,549483
Nicole Hernandez,45,Bachelor's,12,Software Engineer,1223741
Melissa Lopez,52,Bachelor's,27,Analyst,1716863
Jane Martinez,34,Bachelor's,3,Designer,641135
Ashley Lopez,49,Master's,10,Software Engineer,1251645
Daniel Taylor,43,Bachelor's,18,Data Scientist,1440383
David Thomas,45,Bachelor's,1,Data Scientist,740133
Emily Lopez,51,Bachelor's,23,Designer,1560464
Amanda Brown,41,Master's,8,Product Manager,1159458
Daniel Davis,27,Master's,3,Analyst,623829
Nicole Martin,57,Master's,28,Designer,2026880
Nicole Smith,58,Master's,36,Designer,2284324
Robert Smith,27,Bachelor's,2,Data Scientist,678180
Robert Martinez,34,Master's,6,Product Manager,1019742
Amanda Smith,58,Bachelor's,14,Data Scientist,1288975
David Jackson,43,Master's,6,Analyst,932712
Michael Jones,41,Master's,20,Software Engineer,1665806
Michael Taylor,52,Bachelor's,3,Data Scientist,892448
Joseph Wilson,41,Bachelor's,19,Analyst,1264858
William Garcia,46,Master's,3,Product Manager,991597
Ashley Hernandez,55,Bachelor's,28,Designer,1792306
Elizabeth Williams,58,PhD,20,Software Engineer,1989159
David Garcia,22,Bachelor's,1,Designer,480666
Jane Williams,53,PhD,9,Product Manager,1507857
Chris Wilson,48,Bachelor's,10,Analyst,924959
Elizabeth Anderson,28,Bachelor's,2,Analyst,496829
Robert Miller,43,Bachelor's,12,Designer,1078152
Emily Lopez,52,Bachelor's,11,Analyst,1009357
Emily Martinez,43,Master's,10,Designer,1151978
Stephanie Taylor,44,Bachelor's,2,Product Manager,700786
Jane Davis,31,Master's,3,Analyst,655939
Elizabeth Johnson,27,Bachelor's,2,Software Engineer,699599
James Martinez,30,Bachelor's,5,Data Scientist,872577
David Rodriguez,48,Bachelor's,16,Product Manager,1437785
William Brown,22,Bachelor's,0,Software Engineer,582446
Stephanie Wilson,56,Master's,3,Data Scientist,1048039
David Gonzalez,30,Bachelor's,4,Designer,743600
Jessica Taylor,47,Bachelor's,7,Designer,914744
Amanda Williams,36,Master's,15,Analyst,1265798
Jane Wilson,54,Bachelor's,10,Software Engineer,1167575
Chris Williams,29,Bachelor's,8,Product Manager,923540
Daniel Wilson,34,Bachelor's,11,Designer,978059
Joseph Wilson,40,Bachelor's,11,Product Manager,1120601
Emily Gonzalez,41,Master's,2,Software Engineer,902019
William Garcia,32,Bachelor's,8,Designer,837964
Chris Lopez,41,Bachelor's,12,Software Engineer,1131688
Melissa Brown,52,Bachelor's,10,Data Scientist,1192742
Melissa Jackson,42,Bachelor's,10,Analyst,992572
Matthew Williams,22,Master's,0,Analyst,517007
Ashley Hernandez,47,Bachelor's,17,Data Scientist,1519438
William Garcia,33,Bachelor's,5,Software Engineer,824670
Matthew Brown,53,Bachelor's,2,Designer,749626
Matthew Miller,59,Master's,24,Product Manager,1989866
Amanda Jones,28,Bachelor's,1,Data Scientist,667865
Emily Jones,23,Bachelor's,0,Product Manager,583281
James Garcia,55,Master's,31,Designer,2065657
David Williams,41,Master's,13,Data Scientist,1456245
Stephanie Anderson,47,Bachelor's,1,Designer,610119
Daniel Anderson,42,Master's,9,Designer,1156192
Elizabeth Hernandez,32,Bachelor's,0,Product Manager,630579
David Anderson,40,Master's,10,Software Engineer,1270289
Stephanie Anderson,51,Bachelor's,22,Product Manager,1646460
Robert Jackson,24,Master's,3,Software Engineer,835037
Amanda Taylor,55,Bachelor's,25,Software Engineer,1887243
Ashley Anderson,41,Master's,9,Analyst,992963
Jane Johnson,24,Master's,3,Product Manager,859548
Ashley Williams,24,Master's,0,Software Engineer,656569
Elizabeth Martin,44,Bachelor's,4,Designer,801452
Joseph Anderson,44,Bachelor's,1,Designer,659464
Nicole Johnson,39,Bachelor's,18,Analyst,1308268
Daniel Miller,58,Master's,30,Product Manager,2187212
Elizabeth Thomas,39,Bachelor's,15,Designer,1216351
David Johnson,53,Bachelor's,17,Analyst,1266743
Emily Hernandez,48,Master's,26,Software Engineer,1941140
Matthew Garcia,53,Master's,16,Software Engineer,1613266
Jessica Anderson,40,Bachelor's,15,Analyst,1170909
Matthew Taylor,46,Bachelor's,15,Designer,1271933
Sarah Lopez,30,Bachelor's,1,Product Manager,665219
Ashley Gonzalez,26,PhD,0,Analyst,792021
William Martin,39,Master's,9,Software Engineer,1164663
William Williams,57,Master's,19,Product Manager,1687644
Emily Moore,30,Master's,4,Analyst,717529
Ashley Rodriguez,59,Bachelor's,34,Designer,2117421
David Hernandez,56,Bachelor's,5,Software Engineer,920246
Daniel Jones,51,Master's,19,Product Manager,1695837
Ashley Gonzalez,56,Bachelor's,20,Data Scientist,1641551
Elizabeth Williams,48,Bachelor's,6,Product Manager,954656
Nicole Gonzalez,48,Bachelor's,13,Product Manager,1317171
David Taylor,45,Bachelor's,12,Software Engineer,1171303
Melissa Taylor,29,Bachelor's,3,Product Manager,731369
John Lopez,53,Bachelor's,26,Product Manager,1824684
Sarah Miller,35,Master's,1,Product Manager,768975
Stephanie Miller,27,Bachelor's,4,Data Scientist,787523
David Jones,34,Bachelor's,8,Software Engineer,933862
Ashley Brown,39,PhD,18,Designer,1708064
Nicole Taylor,32,Bachelor's,8,Software Engineer,924447
William Martin,42,Bachelor's,0,Data Scientist,658432
Elizabeth Gonzalez,54,Master's,27,Data Scientist,2091761
Sarah Garcia,37,Bachelor's,1,Designer,534318
Sarah Anderson,26,Bachelor's,1,Software Engineer,616462
Melissa Lopez,54,Bachelor's,15,Data Scientist,1453062
Chris Martin,59,Bachelor's,21,Product Manager,1674175
Chris Davis,30,Bachelor's,2,Designer,571112
Jessica Martinez,52,Master's,6,Analyst,1003614
James Lopez,42,Bachelor's,14,Designer,1183604
Chris Anderson,41,Master's,14,Product Manager,1425697
Joseph Taylor,60,Master's,27,Designer,1995160
Melissa Garcia,22,Bachelor's,0,Data Scientist,513682
Elizabeth Jones,55,Bachelor's,5,Product Manager,914444
Jane Thomas,43,Bachelor's,17,Product Manager,1378111
Nicole Brown,32,Bachelor's,9,Designer,887488
Emily Martinez,48,Bachelor's,8,Software Engineer,1084898
Sarah Rodriguez,35,Bachelor's,13,Analyst,1044597
Matthew Jones,40,Master's,5,Analyst,867171
Michael Davis,23,Bachelor's,2,Analyst,440061
Amanda Smith,60,Bachelor's,37,Analyst,2148077
Jane Gonzalez,57,Master's,31,Designer,2106770
Amanda Davis,57,Master's,3,Analyst,838408
Michael Lopez,36,Bachelor's,0,Data Scientist,613301
John Hernandez,41,Bachelor's,12,Software Engineer,1148953
William Jones,25,Bachelor's,0,Data Scientist,594541
Jane Martinez,24,Master's,0,Analyst,494040
David Thomas,55,Master's,27,Analyst,1829415
Elizabeth Smith,58,Master's,5,Software Engineer,1086673
John Rodriguez,29,Bachelor's,4,Data Scientist,713788
David Moore,42,Master's,2,Designer,707213
Matthew Wilson,48,Bachelor's,23,Software Engineer,1706158
Ashley Davis,53,Bachelor's,20,Product Manager,1623025
Emily Johnson,38,Master's,10,Data Scientist,1280236
Melissa Martin,42,Master's,16,Analyst,1357149
Michael Brown,55,Bachelor's,32,Analyst,1938012
Elizabeth Moore,36,Bachelor's,1,Software Engineer,630415
Matthew Jackson,59,Master's,5,Data Scientist,1146866
David Martinez,21,Master's,0,Analyst,534851
John Martin,24,Bachelor's,1,Product Manager,552660
Jessica Jackson,58,Bachelor's,14,Analyst,1203173
Sarah Williams,32,Master's,0,Designer,632183
Amanda Williams,55,Master's,12,Designer,1332801
Nicole Taylor,47,Bachelor's,22,Designer,1560657
Nicole Smith,54,Master's,13,Analyst,1181221
Stephanie Johnson,50,Bachelor's,13,Analyst,1132024
Amanda Rodriguez,45,Master's,7,Software Engineer,1117605
Amanda Williams,39,PhD,13,Product Manager,1602495
Jessica Brown,39,Master's,8,Designer,1038927
William Jones,29,Bachelor's,6,Software Engineer,856475
Amanda Moore,39,Bachelor's,14,Product Manager,1264901
Sarah Anderson,56,Bachelor's,16,Analyst,1249719
Sarah Jones,53,Master's,24,Software Engineer,1943648
Chris Johnson,24,Master's,3,Product Manager,913412
James Johnson,42,PhD,8,Data Scientist,1414738
Jane Hernandez,50,Bachelor's,11,Product Manager,1291132
Matthew Gonzalez,41,Bachelor's,20,Designer,1444458
Stephanie Rodriguez,53,PhD,8,Software Engineer,1458912
James Martinez,24,Master's,2,Product Manager,812254
Jane Hernandez,43,Bachelor's,14,Product Manager,1340158
Emily Lopez,32,Bachelor's,8,Analyst,768413
Joseph Anderson,41,Bachelor's,18,Analyst,1259429
William Garcia,49,Bachelor's,18,Analyst,1275012
Stephanie Lopez,42,Bachelor's,11,Designer,1039723
Robert Williams,42,PhD,11,Analyst,1377680
Michael Wilson,21,Bachelor's,0,Designer,444445
Sarah Moore,58,Master's,5,Product Manager,1148582
William Brown,39,PhD,9,Software Engineer,1396241
William Martinez,49,Bachelor's,12,Product Manager,1259012
Chris Martin,40,Bachelor's,16,Analyst,1131397
Sarah Anderson,58,Bachelor's,7,Product Manager,1046611
Chris Johnson,41,Bachelor's,20,Product Manager,1522971
Elizabeth Wilson,29,Bachelor's,7,Product Manager,878530
Jane Williams,59,Bachelor's,38,Analyst,2216498
Amanda Taylor,31,Bachelor's,2,Data Scientist,766394
John Jones,28,Master's,7,Designer,908105
Chris Johnson,32,Master's,0,Data Scientist,770794
Michael Davis,38,Bachelor's,17,Product Manager,1382816
Amanda Gonzalez,50,Bachelor's,0,Designer,529474
Jane Martin,48,Master's,7,Data Scientist,1164204
Chris Lopez,53,Bachelor's,11,Product Manager,1236494
Chris Williams,49,Master's,8,Designer,1080640
David Taylor,31,Bachelor's,9,Product Manager,1003449
Joseph Hernandez,26,Master's,2,Product Manager,801977
Jessica Brown,49,Master's,5,Software Engineer,1066497
Sarah Thomas,21,Bachelor's,0,Designer,496037
Joseph Moore,35,PhD,9,Software Engineer,1345194
Robert Rodriguez,45,Master's,22,Analyst,1641550
James Martin,58,Bachelor's,27,Product Manager,1925364
Stephanie Miller,29,Master's,4,Software Engineer,950344
David Williams,50,Bachelor's,27,Analyst,1667544
Sarah Anderson,35,Bachelor's,8,Software Engineer,886128
William Lopez,60,Bachelor's,10,Software Engineer,1240550
Nicole Moore,56,Bachelor's,32,Product Manager,2069980
Ashley Garcia,54,Bachelor's,27,Data Scientist,1896127
Amanda Taylor,49,Master's,9,Data Scientist,1255793
Emily Miller,48,Bachelor's,2,Data Scientist,786147
Jessica Thomas,58,Bachelor's,4,Software Engineer,873449
Amanda Moore,32,Bachelor's,5,Designer,681435
Amanda Anderson,25,Bachelor's,2,Designer,554134
David Martin,24,Bachelor's,1,Software Engineer,585465
Michael Martinez,26,Bachelor's,2,Analyst,457371
Stephanie Taylor,50,PhD,9,Analyst,1295878
Melissa Jackson,24,Master's,1,Software Engineer,725647
David Hernandez,49,Master's,12,Software Engineer,1372698
Chris Anderson,33,Bachelor's,1,Designer,544889
Amanda Jones,43,Bachelor's,18,Designer,1375345
Daniel Garcia,41,Master's,13,Data Scientist,1447078
Melissa Taylor,41,Master's,11,Software Engineer,1238852
Emily Taylor,44,Bachelor's,2,Data Scientist,778822
Ashley Garcia,54,Bachelor's,10,Data Scientist,1221790
William Davis,38,Bachelor's,7,Product Manager,993184
Matthew Martinez,44,Bachelor's,18,Software Engineer,1445020
Robert Miller,37,Bachelor's,4,Designer,687762
Robert Jones,39,Master's,1,Product Manager,874931
Elizabeth Moore,41,Bachelor's,10,Software Engineer,1097296
Matthew Garcia,25,Master's,0,Designer,569058
Daniel Jones,26,PhD,0,Data Scientist,933505
Elizabeth Martin,46,Bachelor's,15,Product Manager,1357324
Daniel Johnson,56,Bachelor's,10,Software Engineer,1234038
Michael Johnson,44,Bachelor's,22,Designer,1446383
Robert Miller,37,Bachelor's,13,Designer,1228637
Melissa Martin,48,Master's,18,Software Engineer,1684861
Stephanie Moore,55,Bachelor's,8,Product Manager,1105146
Ashley Thomas,37,Master's,16,Data Scientist,1520589
Joseph Martinez,33,PhD,12,Analyst,1358573
Michael Johnson,36,Bachelor's,1,Data Scientist,728964
Chris Wilson,30,Master's,9,Analyst,1005901
Chris Miller,41,Master's,15,Product Manager,1532976
Elizabeth Jones,50,Master's,24,Product Manager,1885204
William Lopez,55,Bachelor's,18,Analyst,1392003
David Lopez,35,Bachelor's,4,Designer,624417
Nicole Brown,28,Master's,4,Product Manager,926723
Jessica Anderson,55,Bachelor's,1,Software Engineer,749809
Robert Anderson,43,Master's,8,Data Scientist,1235846
David Brown,51,Bachelor's,5,Software Engineer,868722
Ashley Gonzalez,28,Master's,2,Designer,771176
Melissa Davis,39,Bachelor's,5,Data Scientist,915702
William Jackson,60,Bachelor's,16,Product Manager,1499869
James Garcia,22,Master's,1,Analyst,591502
Matthew Anderson,51,Master's,27,Analyst,1795999
Ashley Thomas,47,Bachelor's,21,Software Engineer,1578463
Michael Gonzalez,59,Bachelor's,0,Designer,593741
Chris Davis,45,Bachelor's,21,Data Scientist,1578451
Daniel Lopez,43,Bachelor's,9,Software Engineer,1032043
Jane Martinez,52,Bachelor's,17,Analyst,1292470
Elizabeth Thomas,48,Master's,13,Product Manager,1440091
Nicole Smith,24,PhD,0,Software Engineer,944788
Melissa Jones,28,Bachelor's,1,Product Manager,648748
Amanda Gonzalez,32,Bachelor's,0,Product Manager,629989
Jane Gonzalez,51,Bachelor's,16,Software Engineer,1397884
Daniel Moore,28,Bachelor's,0,Data Scientist,601207
Amanda Moore,49,Bachelor's,27,Product Manager,1838369
Michael Gonzalez,47,Bachelor's,1,Designer,566229
Chris Moore,56,Master's,17,Product Manager,1681443
Elizabeth Martin,32,Bachelor's,2,Software Engineer,671676
David Brown,43,PhD,0,Analyst,828460
Amanda Hernandez,43,Master's,20,Designer,1626696
Amanda Jones,33,PhD,4,Data Scientist,1119784
Elizabeth Taylor,41,Master's,19,Analyst,1509520
Matthew Johnson,32,Bachelor's,4,Software Engineer,788317
Jane Jones,48,Bachelor's,8,Product Manager,1049873
Stephanie Taylor,38,Master's,13,Analyst,1196924
David Martin,56,Master's,30,Designer,2027639
David Hernandez,29,Master's,8,Designer,1020872
William Garcia,56,Master's,22,Analyst,1724085
Elizabeth Martinez,54,Bachelor's,8,Designer,1013356
William Taylor,48,Master's,5,Designer,976222
Nicole Thomas,41,Bachelor's,7,Designer,819151
Ashley Thomas,55,Bachelor's,12,Software Engineer,1259603
Amanda Hernandez,30,Bachelor's,4,Software Engineer,700987
Melissa Jackson,42,Bachelor's,16,Product Manager,1338147
John Martin,30,Bachelor's,2,Analyst,523330
Robert Jackson,44,Master's,10,Designer,1056981
Jessica Johnson,46,Master's,5,Designer,865972
Stephanie Garcia,37,Bachelor's,7,Designer,818338
Elizabeth Gonzalez,32,Bachelor's,10,Data Scientist,1075708
Jessica Johnson,54,Bachelor's,5,Designer,796154
Emily Miller,52,Bachelor's,20,Software Engineer,1556692
Chris Hernandez,32,Master's,10,Analyst,1052627
David Wilson,33,Master's,6,Data Scientist,1076097
Melissa Taylor,28,Master's,0,Designer,682744
Stephanie Johnson,28,Bachelor's,4,Data Scientist,771166
Matthew Miller,49,Master's,1,Designer,751815
William Thomas,33,Bachelor's,11,Designer,994352
Joseph Hernandez,35,Master's,11,Data Scientist,1302745
Chris Moore,37,Master's,11,Product Manager,1240531
Nicole Lopez,33,Bachelor's,4,Product Manager,756923
Elizabeth Thomas,24,Bachelor's,2,Data Scientist,717086
Jessica Rodriguez,58,Master's,23,Designer,1815397
Ashley Davis,51,Master's,8,Product Manager,1237856
Ashley Miller,40,Bachelor's,19,Analyst,1320120
William Thomas,53,Master's,26,Product Manager,2038150
Nicole Rodriguez,25,Bachelor's,1,Product Manager,605585
Emily Jackson,33,Bachelor's,2,Designer,520213
Joseph Gonzalez,53,PhD,16,Product Manager,1777833
David Martinez,33,Master's,1,Software Engineer,785918
Ashley Williams,31,Bachelor's,4,Product Manager,797773
Chris Rodriguez,39,Master's,5,Analyst,845855
James Miller,28,Master's,4,Designer,797765
Robert Moore,50,Bachelor's,3,Product Manager,888002
David Brown,40,Master's,17,Designer,1491918
Daniel Davis,42,Bachelor's,11,Data Scientist,1128500
Jane Taylor,60,Bachelor's,1,Data Scientist,828180
Jessica Johnson,47,Bachelor's,21,Software Engineer,1607975
Melissa Hernandez,33,Bachelor's,12,Analyst,948967
Emily Jones,29,Bachelor's,5,Software Engineer,750055
Nicole Garcia,50,Bachelor's,2,Analyst,528041
Stephanie Thomas,59,Bachelor's,26,Data Scientist,1967213
Ashley Hernandez,38,Master's,3,Product Manager,845657
Jane Williams,21,Bachelor's,0,Designer,358949
Jessica Moore,25,PhD,1,Software Engineer,945303
Sarah Wilson,42,Master's,1,Data Scientist,849418
Jane Gonzalez,31,Bachelor's,7,Analyst,673017
Sarah Martinez,55,Master's,11,Software Engineer,1322565
John Martinez,27,Master's,1,Designer,595787
Elizabeth Brown,41,Master's,13,Product Manager,1381192
Ashley Anderson,49,Bachelor's,7,Designer,752622
Matthew Thomas,39,Master's,15,Data Scientist,1387736
Matthew Anderson,44,Bachelor's,7,Product Manager,996937
James Brown,56,Master's,33,Product Manager,2370269
Sarah Anderson,54,Bachelor's,22,Product Manager,1685095
Sarah Smith,43,Bachelor's,12,Product Manager,1224837
Ashley Jackson,26,Master's,4,Data Scientist,907510
Sarah Martin,60,Bachelor's,6,Analyst,829179
Melissa Taylor,42,Bachelor's,14,Product Manager,1286311
Michael Gonzalez,32,Master's,5,Software Engineer,925467
Sarah Jones,33,Master's,6,Analyst,917836
William Davis,50,Master's,29,Software Engineer,2079672
Robert Gonzalez,56,Master's,15,Data Scientist,1539964
Chris Rodriguez,41,Bachelor's,20,Product Manager,1501457
Ashley Jackson,30,Master's,1,Designer,592021
John Rodriguez,29,PhD,0,Product Manager,868961
Jessica Johnson,45,Bachelor's,20,Software Engineer,1587274
Chris Martinez,21,Master's,0,Data Scientist,661769
Joseph Taylor,35,Bachelor's,6,Product Manager,890562
Emily Martinez,21,Bachelor's,0,Product Manager,534303
Elizabeth Davis,49,Bachelor's,8,Data Scientist,1074657
David Thomas,26,PhD,3,Data Scientist,1097383
Chris Martin,32,Bachelor's,6,Product Manager,913960
Melissa Moore,37,Bachelor's,2,Analyst,429769
Nicole Miller,24,Bachelor's,1,Data Scientist,629763
Elizabeth Williams,55,Master's,13,Designer,1340716
Chris Taylor,24,Master's,3,Product Manager,870495
Michael Jackson,39,Bachelor's,5,Software Engineer,926588
Jane Moore,26,PhD,4,Designer,988597
James Jackson,55,Bachelor's,18,Designer,1394478
David Garcia,43,Master's,1,Product Manager,816988
Matthew Anderson,57,Bachelor's,7,Software Engineer,1080942
James Jackson,36,PhD,6,Analyst,1137691
Michael Taylor,38,Bachelor's,15,Analyst,1077830
Jane Anderson,32,PhD,0,Data Scientist,947614
Matthew Wilson,25,Master's,0,Analyst,462739
Daniel Johnson,53,Master's,18,Designer,1577523
Chris Martinez,22,Bachelor's,1,Software Engineer,585400
Joseph Rodriguez,27,Bachelor's,6,Software Engineer,860374
James Jackson,43,Master's,18,Software Engineer,1625611
Jane Wilson,28,Bachelor's,1,Product Manager,619776
Michael Moore,30,Bachelor's,0,Software Engineer,585526
Michael Thomas,25,Master's,1,Software Engineer,745549
Ashley Wilson,47,Bachelor's,16,Data Scientist,1392859
David Wilson,45,Bachelor's,2,Product Manager,733160
Joseph Anderson,44,Master's,9,Analyst,1049427
Joseph Williams,47,PhD,14,Designer,1504947
David Lopez,47,Bachelor's,8,Software Engineer,1099310
Sarah Moore,22,Master's,1,Analyst,607618
Matthew Jones,42,Bachelor's,2,Data Scientist,695969
John Smith,52,Bachelor's,15,Product Manager,1474867
Chris Moore,56,Master's,1,Analyst,746059
Nicole Gonzalez,42,Master's,3,Data Scientist,973427
Jessica Anderson,45,Bachelor's,12,Product Manager,1222681
David Rodriguez,29,PhD,3,Data Scientist,1084570
Emily Johnson,30,Master's,3,Analyst,746782
Elizabeth Smith,26,Bachelor's,5,Data Scientist,851724
James Williams,47,Bachelor's,21,Software Engineer,1622779
Elizabeth Johnson,24,Bachelor's,0,Analyst,376914
Elizabeth Johnson,47,PhD,25,Data Scientist,2175554
Jane Gonzalez,40,Bachelor's,12,Analyst,942454
Jessica Moore,43,Master's,14,Data Scientist,1439672
Jane Jones,54,Bachelor's,10,Designer,1018556
Ashley Davis,23,Master's,1,Designer,605797
William Jackson,30,Master's,1,Designer,673576
William Davis,39,PhD,3,Product Manager,1071287
David Taylor,30,Master's,5,Data Scientist,1002090
Melissa Martinez,47,Bachelor's,13,Product Manager,1259883
Jane Moore,26,Bachelor's,2,Designer,600963
Sarah Wilson,48,Master's,0,Designer,749278
Stephanie Johnson,41,Master's,1,Product Manager,867147
Joseph Taylor,58,Bachelor's,35,Product Manager,2285751
Melissa Wilson,38,Bachelor's,1,Data Scientist,674823
Ashley Gonzalez,31,Bachelor's,9,Data Scientist,1034015
Nicole Thomas,44,Bachelor's,3,Data Scientist,743016
Jessica Martinez,21,Master's,0,Data Scientist,779968
Chris Johnson,21,PhD,0,Designer,729270
Melissa Wilson,41,Bachelor's,15,Designer,1246147
Matthew Jones,40,Bachelor's,18,Analyst,1306944
Jessica Rodriguez,25,Bachelor's,0,Data Scientist,583984
William Williams,43,Master's,20,Analyst,1454167
Amanda Williams,44,Bachelor's,12,Designer,1047609
James Johnson,59,Master's,15,Product Manager,1519870
Joseph Martin,41,Bachelor's,8,Designer,878384
Jane Williams,25,Master's,1,Data Scientist,820324
Daniel Moore,32,Bachelor's,6,Data Scientist,891790
Stephanie Miller,29,Bachelor's,4,Product Manager,773005
Ashley Smith,52,Bachelor's,13,Data Scientist,1207685
James Brown,60,Master's,20,Analyst,1588889
Jessica Martin,26,Bachelor's,3,Data Scientist,718563
Joseph Davis,30,Bachelor's,2,Designer,579170
William Martinez,29,Bachelor's,6,Analyst,620198
Chris Moore,35,PhD,13,Product Manager,1543036
Ashley Rodriguez,28,Bachelor's,2,Product Manager,611232
Matthew Thomas,39,Master's,2,Analyst,611974
Emily Thomas,21,Bachelor's,0,Product Manager,563707
James Lopez,21,Master's,0,Product Manager,614162
Melissa Johnson,33,Bachelor's,0,Designer,475925
Jessica Jones,44,Bachelor's,16,Software Engineer,1404976
Robert Moore,25,Master's,1,Designer,640529
Daniel Wilson,21,Bachelor's,0,Product Manager,484556
David Miller,37,Bachelor's,10,Product Manager,1195708
Jessica Gonzalez,52,Bachelor's,25,Designer,1655521
Jessica Thomas,45,Master's,21,Designer,1693545
William Rodriguez,42,Bachelor's,15,Analyst,1152186
Stephanie Anderson,27,Bachelor's,5,Data Scientist,814349
Amanda Garcia,35,Bachelor's,2,Data Scientist,775784
Nicole Thomas,50,Master's,24,Data Scientist,1935711
Nicole Johnson,52,Master's,7,Designer,1058800
Jane Williams,32,Master's,8,Software Engineer,1113556
John Wilson,38,Bachelor's,1,Data Scientist,741201
Jessica Williams,35,PhD,3,Data Scientist,1049741
John Miller,39,Bachelor's,2,Designer,631960
Chris Lopez,60,Bachelor's,3,Software Engineer,900686
Elizabeth Martin,52,Bachelor's,26,Analyst,1723420
Stephanie Smith,22,Master's,1,Software Engineer,786847
Nicole Moore,54,Bachelor's,14,Analyst,1107061
John Smith,56,Bachelor's,7,Designer,974741
Robert Moore,59,Bachelor's,31,Product Manager,2219903
John Taylor,37,Master's,2,Analyst,733306
Sarah Brown,27,Bachelor's,3,Software Engineer,727719
Matthew Jones,48,Master's,5,Data Scientist,1091711
James Martin,23,Master's,0,Designer,592452
Robert Lopez,56,Master's,21,Product Manager,1791318
Joseph Williams,31,Bachelor's,5,Product Manager,763311
Joseph Anderson,60,Bachelor's,39,Designer,2359147
Jessica Davis,36,Bachelor's,0,Product Manager,651918
Michael Johnson,32,Master's,2,Software Engineer,871505
Joseph Gonzalez,58,PhD,2,Analyst,1006042
Nicole Thomas,50,Bachelor's,28,Software Engineer,1889141
John Garcia,33,Bachelor's,10,Software Engineer,1028994
Stephanie Wilson,42,Master's,9,Product Manager,1242591
Daniel Brown,43,Bachelor's,22,Designer,1551836
Jane Davis,40,Master's,4,Data Scientist,980574
Daniel Thomas,57,Bachelor's,21,Product Manager,1655970
Jane Williams,41,Master's,2,Product Manager,928875
Nicole Jackson,26,Master's,0,Software Engineer,714235
Sarah Hernandez,60,Bachelor's,28,Software Engineer,1945058
James Jackson,28,Master's,2,Data Scientist,853180
Joseph Williams,58,PhD,26,Product Manager,2291381
Sarah Jackson,52,Master's,28,Data Scientist,2084387
Daniel Gonzalez,47,Bachelor's,2,Designer,604113
William Gonzalez,55,Bachelor's,10,Data Scientist,1151987
Michael Taylor,31,Bachelor's,4,Product Manager,837896
Jane Brown,52,Master's,22,Analyst,1677000
Jessica Williams,55,Master's,2,Product Manager,969643
Elizabeth Martin,45,PhD,3,Designer,1076607
Joseph Hernandez,39,Master's,10,Software Engineer,1242727
Robert Anderson,39,PhD,10,Analyst,1215498
Jessica Lopez,48,Master's,4,Designer,796314
Joseph Wilson,24,Master's,1,Data Scientist,719688
Daniel Gonzalez,40,Bachelor's,5,Software Engineer,856173
Elizabeth Martinez,38,Bachelor's,17,Data Scientist,1398783
Michael Williams,31,Master's,4,Product Manager,940797
David Gonzalez,45,Bachelor's,8,Data Scientist,1037918
Joseph Hernandez,42,Master's,18,Product Manager,1606930
Emily Williams,60,Bachelor's,11,Software Engineer,1284650
Ashley Anderson,37,Bachelor's,13,Product Manager,1287794
Robert Brown,32,Master's,7,Data Scientist,1130638
Michael Garcia,50,Bachelor's,5,Analyst,632637
Chris Moore,33,Bachelor's,1,Designer,517135
Matthew Wilson,58,PhD,1,Software Engineer,1179219
John Williams,60,Master's,21,Product Manager,1904186
Nicole Williams,49,Bachelor's,7,Designer,899745
Elizabeth Hernandez,36,Master's,13,Analyst,1207667
John Martinez,27,PhD,4,Analyst,881478
Joseph Williams,43,PhD,8,Designer,1317053
Jessica Jackson,40,Master's,4,Designer,868546
Sarah Gonzalez,28,Master's,6,Data Scientist,1033294
David Rodriguez,50,Bachelor's,13,Product Manager,1304350
Robert Thomas,50,Bachelor's,28,Data Scientist,1969175
Michael Garcia,31,Bachelor's,1,Analyst,422615
Robert Wilson,40,Bachelor's,17,Product Manager,1389212
Stephanie Williams,30,Bachelor's,3,Product Manager,745651
Robert Davis,60,Bachelor's,7,Analyst,877301
Elizabeth Martin,43,Bachelor's,7,Data Scientist,951209
Chris Brown,30,Bachelor's,6,Data Scientist,913722
Ashley Smith,56,Bachelor's,12,Analyst,1107231
William Martin,51,Bachelor's,17,Analyst,1257610
William Anderson,44,Bachelor's,23,Product Manager,1620471
Melissa Martin,48,Master's,13,Data Scientist,1442123
Ashley Hernandez,25,Bachelor's,1,Designer,502992
James Thomas,43,Bachelor's,16,Product Manager,1348337
Sarah Gonzalez,51,Bachelor's,30,Product Manager,1988329
Ashley Thomas,54,Bachelor's,8,Designer,1001697
Jessica Hernandez,45,Bachelor's,15,Analyst,1168863
Robert Gonzalez,52,PhD,8,Product Manager,1383309
Emily Jackson,46,Bachelor's,20,Data Scientist,1593461
Daniel Moore,58,Master's,18,Data Scientist,1786796
Nicole Smith,55,Bachelor's,17,Analyst,1271351
James Anderson,52,PhD,29,Product Manager,2408937
Michael Wilson,37,Bachelor's,16,Analyst,1242165
David Martinez,46,Master's,13,Data Scientist,1503166
Robert Jones,24,Bachelor's,3,Analyst,568881
Joseph Williams,58,Master's,37,Analyst,2263226
Elizabeth Thomas,50,Bachelor's,2,Designer,679851
Joseph Moore,42,PhD,5,Designer,1096604
Melissa Moore,28,Bachelor's,5,Software Engineer,847538
Amanda Moore,23,Bachelor's,2,Designer,506643
Michael Brown,51,Master's,28,Data Scientist,2132637
Amanda Garcia,51,Bachelor's,29,Designer,1824716
Jane Jackson,40,Bachelor's,6,Analyst,757107
William Wilson,40,Master's,19,Software Engineer,1691813
John Brown,56,Bachelor's,32,Product Manager,2111029
Jessica Taylor,28,PhD,1,Designer,816882
Nicole Jackson,43,Master's,13,Designer,1312813
Jessica Anderson,22,Bachelor's,1,Product Manager,636452
Joseph Anderson,37,PhD,6,Designer,1193764
Matthew Jones,38,Master's,12,Product Manager,1301044
John Thomas,50,Bachelor's,20,Software Engineer,1531832
Ashley Wilson,35,Bachelor's,8,Software Engineer,998512
Emily Jones,51,Bachelor's,20,Product Manager,1605310
Ashley Hernandez,29,PhD,5,Analyst,958333
James Taylor,55,Bachelor's,10,Analyst,965583
Amanda Thomas,28,PhD,7,Software Engineer,1254660
Chris Anderson,32,Master's,0,Product Manager,823996
Michael Martinez,53,Bachelor's,31,Software Engineer,2096965
Emily Smith,41,Master's,20,Product Manager,1695111
Emily Garcia,58,Master's,36,Data Scientist,2504318
Matthew Garcia,28,Bachelor's,0,Designer,388060
Sarah Hernandez,41,Bachelor's,18,Designer,1317365
Melissa Anderson,60,Master's,18,Data Scientist,1796612
Joseph Garcia,58,Master's,27,Data Scientist,2147824
Melissa Gonzalez,57,Bachelor's,3,Software Engineer,839728
Elizabeth Miller,33,Master's,3,Analyst,730768
Daniel Wilson,37,Bachelor's,8,Analyst,862971
John Miller,55,Bachelor's,27,Data Scientist,1927553
Robert Williams,38,Master's,15,Designer,1372524
Emily Moore,47,Bachelor's,8,Data Scientist,1059752
Amanda Hernandez,32,Bachelor's,7,Data Scientist,980440
Chris Brown,23,Bachelor's,1,Product Manager,597290
Stephanie Taylor,29,Master's,3,Product Manager,911911
Elizabeth Gonzalez,25,Master's,2,Designer,693838
Joseph Jackson,36,Bachelor's,0,Software Engineer,625417
Amanda Lopez,46,Bachelor's,14,Analyst,1077920
Elizabeth Garcia,51,Master's,17,Product Manager,1611600
Elizabeth Jackson,21,Bachelor's,0,Software Engineer,548757
David Hernandez,22,PhD,1,Software Engineer,969742
Jessica Martinez,42,Master's,20,Software Engineer,1702203
Sarah Lopez,53,PhD,14,Data Scientist,1734219
Matthew Gonzalez,45,Bachelor's,20,Analyst,1354795
Elizabeth Jones,25,Bachelor's,0,Designer,403504
Joseph Wilson,55,Bachelor's,21,Data Scientist,1691304
Stephanie Moore,23,Bachelor's,1,Data Scientist,651566
Nicole Garcia,57,Bachelor's,28,Analyst,1753217
Ashley Jones,22,Master's,0,Data Scientist,754547
William Anderson,32,Bachelor's,6,Designer,773027
Jane Lopez,28,Bachelor's,6,Software Engineer,826915
Stephanie Jones,50,Bachelor's,8,Data Scientist,1021343
Joseph Moore,41,Bachelor's,14,Designer,1107421
Stephanie Wilson,57,Bachelor's,0,Analyst,535039
Melissa Anderson,41,Master's,14,Analyst,1161044
Sarah Williams,28,Master's,5,Designer,830675
John Davis,37,Bachelor's,12,Product Manager,1120156
Jane Rodriguez,26,Bachelor's,2,Data Scientist,568885
Nicole Martinez,28,Bachelor's,4,Data Scientist,817021
Chris Jackson,51,Bachelor's,20,Analyst,1438486
Nicole Taylor,26,PhD,4,Software Engineer,1105442
Daniel Brown,46,Bachelor's,14,Product Manager,1393403
Nicole Lopez,40,Bachelor's,5,Designer,760242
Jane Anderson,37,Master's,13,Designer,1255260
James Wilson,27,Bachelor's,3,Software Engineer,724212
Jessica Martinez,55,Master's,16,Software Engineer,1587278
Chris Rodriguez,40,Master's,3,Product Manager,906830
Michael Anderson,27,PhD,2,Software Engineer,927862
Jessica Miller,55,Master's,31,Designer,2210730
Amanda Martin,57,Bachelor's,14,Analyst,1255825
Sarah Martin,24,Bachelor's,3,Data Scientist,671809
James Miller,22,Bachelor's,0,Software Engineer,518309
Daniel Lopez,28,PhD,7,Designer,1101402
Robert Martin,22,Bachelor's,1,Designer,429408
Sarah Hernandez,59,Bachelor's,15,Product Manager,1432498
Ashley Jackson,25,Bachelor's,4,Product Manager,819774
Matthew Brown,54,Master's,22,Data Scientist,1919832
Melissa Johnson,24,PhD,0,Product Manager,913114
David Jones,52,Master's,9,Data Scientist,1382008
David Hernandez,57,Bachelor's,9,Data Scientist,1056426
Joseph Thomas,23,Bachelor's,1,Data Scientist,679305
Daniel Rodriguez,25,PhD,2,Analyst,789485
Joseph Anderson,40,Master's,15,Software Engineer,1521314
Michael Gonzalez,29,Bachelor's,6,Designer,735635
Robert Lopez,38,Bachelor's,16,Analyst,1163139
Stephanie Hernandez,43,Bachelor's,1,Designer,616966
John Williams,45,Master's,9,Analyst,1035229
Amanda Williams,45,Bachelor's,13,Designer,1112896
Joseph Miller,54,Bachelor's,9,Analyst,957648
James Thomas,32,Bachelor's,8,Product Manager,960551
William Martinez,31,Bachelor's,0,Product Manager,609855
Nicole Jackson,36,Master's,5,Data Scientist,1050695
Daniel Thomas,32,Bachelor's,11,Product Manager,1112670
Jane Johnson,47,Bachelor's,26,Software Engineer,1840145
Chris Smith,28,Bachelor's,6,Software Engineer,789266
Sarah Anderson,32,Master's,10,Analyst,1025794
John Wilson,37,Master's,3,Data Scientist,855385
David Martinez,32,Bachelor's,4,Data Scientist,782599
Robert Williams,36,Master's,13,Product Manager,1370190
Robert Williams,57,Bachelor's,28,Product Manager,1948038
Sarah Johnson,56,Bachelor's,18,Analyst,1321872
Ashley Davis,49,Master's,19,Analyst,1468880
Michael Brown,56,Bachelor's,1,Software Engineer,733403
James Thomas,56,Bachelor's,29,Software Engineer,2000152
David Jackson,43,Bachelor's,1,Data Scientist,666314
Matthew Anderson,42,Master's,19,Software Engineer,1678222
John Hernandez,56,Bachelor's,8,Software Engineer,1018701
Melissa Jones,35,Bachelor's,8,Analyst,777316
Michael Davis,52,Bachelor's,3,Analyst,654946
Michael Brown,31,Bachelor's,4,Software Engineer,752048
William Lopez,24,PhD,0,Product Manager,905300
David Gonzalez,51,Bachelor's,6,Data Scientist,976670
David Williams,50,Bachelor's,2,Designer,645784
Daniel Smith,52,Bachelor's,1,Designer,652492
Sarah Anderson,30,Master's,1,Product Manager,786861
James Jones,36,Bachelor's,13,Analyst,1112277
Elizabeth Anderson,51,Bachelor's,10,Data Scientist,1200600
Michael Brown,32,Master's,0,Data Scientist,862171
Emily Jackson,48,Master's,0,Analyst,661471
Amanda Wilson,44,Bachelor's,3,Product Manager,827817
David Davis,46,PhD,10,Product Manager,1521893
Michael Davis,32,Master's,2,Designer,740220
Elizabeth Martin,22,Master's,0,Designer,506182
Ashley Smith,58,Master's,27,Product Manager,2160311
James Taylor,30,Bachelor's,9,Designer,942821
Matthew Miller,57,Bachelor's,15,Analyst,1249713
Ashley Johnson,40,Bachelor's,17,Data Scientist,1401033
Stephanie Gonzalez,46,PhD,24,Software Engineer,2132409
Jessica Thomas,60,Bachelor's,8,Designer,949538
Michael Taylor,56,Bachelor's,23,Software Engineer,1816152
Amanda Hernandez,22,Master's,0,Data Scientist,765238
Joseph Jackson,57,Bachelor's,27,Analyst,1722937
Amanda Moore,59,Bachelor's,23,Data Scientist,1838348
Stephanie Williams,44,Master's,13,Software Engineer,1399813
Daniel Williams,32,Bachelor's,5,Software Engineer,778912
Robert Miller,34,PhD,12,Software Engineer,1539896
Jane Gonzalez,45,Master's,0,Designer,742163
Ashley Taylor,43,Bachelor's,12,Analyst,1091981
Melissa Gonzalez,25,Bachelor's,3,Software Engineer,683288
Nicole Moore,34,Master's,5,Designer,831743
David Rodriguez,37,Master's,12,Software Engineer,1310095
Ashley Williams,25,Master's,4,Designer,654487
James Jones,43,Bachelor's,7,Designer,886934
William Gonzalez,51,Bachelor's,2,Designer,654078
Michael Martinez,39,Bachelor's,13,Analyst,1089935
Jessica Johnson,40,Master's,2,Data Scientist,907543
Michael Wilson,49,Master's,5,Software Engineer,1116168
Chris Martin,25,Bachelor's,3,Designer,541320
Jane Martinez,28,Bachelor's,6,Data Scientist,848475
Emily Smith,36,Master's,2,Data Scientist,874817
John Garcia,23,Bachelor's,0,Analyst,280506
Amanda Taylor,22,Master's,0,Designer,564701
Robert Garcia,28,Master's,4,Product Manager,973425
David Rodriguez,25,Bachelor's,2,Software Engineer,611573
John Hernandez,40,Bachelor's,12,Analyst,990473
Robert Taylor,39,Bachelor's,5,Software Engineer,907019
Robert Jackson,33,Bachelor's,12,Software Engineer,1125048
Stephanie Anderson,42,Bachelor's,10,Designer,923852
Amanda Johnson,28,Bachelor's,1,Analyst,394734
Daniel Garcia,33,Master's,11,Product Manager,1223676
Sarah Rodriguez,39,Bachelor's,15,Software Engineer,1354124
Daniel Brown,34,Master's,10,Data Scientist,1334513
Matthew Smith,47,Bachelor's,10,Software Engineer,1202211
John Davis,58,Master's,27,Software Engineer,2068925
Stephanie Lopez,60,Bachelor's,7,Analyst,844393
David Garcia,31,Bachelor's,6,Software Engineer,914949
Nicole Wilson,45,Master's,11,Data Scientist,1262500
William Davis,57,PhD,23,Analyst,1952052
William Rodriguez,33,Master's,8,Software Engineer,1137445
Daniel Lopez,27,Bachelor's,5,Software Engineer,801279
Matthew Johnson,48,Bachelor's,21,Data Scientist,1622597
Jessica Taylor,46,Bachelor's,24,Software Engineer,1774118
Joseph Williams,39,Bachelor's,0,Analyst,458326
Ashley Martinez,37,Bachelor's,2,Product Manager,680482
Michael Moore,50,Bachelor's,19,Analyst,1290425
John Lopez,58,Bachelor's,22,Data Scientist,1687592
Ashley Jackson,27,Bachelor's,5,Product Manager,790522
Elizabeth Davis,27,Bachelor's,4,Analyst,552317
Amanda Jackson,47,Bachelor's,19,Analyst,1366488
James Moore,24,Master's,0,Data Scientist,687899
David Smith,46,Bachelor's,3,Analyst,659638
John Davis,55,Bachelor's,7,Designer,931679
Amanda Smith,39,Bachelor's,3,Product Manager,782260
John Gonzalez,34,Bachelor's,8,Product Manager,953204
Emily Miller,49,Bachelor's,15,Designer,1238933
Jessica Wilson,57,Bachelor's,16,Analyst,1303357
Jane Jones,46,Bachelor's,15,Product Manager,1450263
Michael Johnson,50,Master's,3,Data Scientist,983627
Matthew Wilson,27,Bachelor's,4,Product Manager,786883
Chris Williams,28,Bachelor's,7,Designer,753938
Emily Taylor,57,Bachelor's,17,Data Scientist,1527377
Joseph Williams,53,Master's,9,Designer,1171906
Daniel Johnson,50,Bachelor's,26,Analyst,1676846
David Davis,35,Master's,1,Product Manager,752580
Robert Hernandez,38,Bachelor's,2,Analyst,596906
William Hernandez,53,Master's,30,Analyst,1985241
Robert Davis,24,Bachelor's,2,Software Engineer,682830
James Jones,42,Master's,1,Designer,701626
Emily Jones,26,Master's,1,Software Engineer,688136
Sarah Anderson,36,Bachelor's,14,Analyst,1142486
William Wilson,48,Bachelor's,27,Software Engineer,1853339
Nicole Lopez,42,Master's,4,Data Scientist,1006259
Chris Martinez,52,Bachelor's,26,Analyst,1648725
Robert Brown,49,Bachelor's,26,Software Engineer,1841824
Sarah Martinez,39,Bachelor's,9,Designer,911470
Jane Miller,58,PhD,12,Product Manager,1630496
David Williams,23,Bachelor's,2,Data Scientist,657912
Amanda Gonzalez,23,Bachelor's,0,Designer,429519
Jane Martinez,36,PhD,12,Product Manager,1500027
Sarah Smith,27,Master's,6,Analyst,783375
Chris Moore,54,Bachelor's,21,Designer,1522292
Jessica Brown,36,Bachelor's,13,Analyst,1033404
Emily Jones,45,Bachelor's,17,Software Engineer,1359403
John Johnson,43,Master's,10,Data Scientist,1293161
David Miller,25,Bachelor's,2,Analyst,505979
Amanda Williams,48,Bachelor's,18,Designer,1330435
Daniel Rodriguez,52,Bachelor's,14,Software Engineer,1365724
John Williams,24,PhD,1,Data Scientist,1047215
Chris Jones,23,Bachelor's,1,Software Engineer,547363
William Brown,50,Bachelor's,12,Software Engineer,1273802
Chris Johnson,45,Bachelor's,19,Data Scientist,1572010
Daniel Wilson,32,Master's,1,Analyst,645607
Stephanie Smith,31,PhD,2,Analyst,867280
Melissa Garcia,44,Master's,8,Product Manager,1170940
James Garcia,42,Bachelor's,21,Product Manager,1577079
Robert Anderson,53,Bachelor's,18,Data Scientist,1576661
Jane Martin,57,Master's,25,Designer,1852975
Elizabeth Davis,58,Master's,12,Product Manager,1519037
Stephanie Wilson,42,Master's,15,Designer,1297703
Stephanie Johnson,41,Bachelor's,8,Software Engineer,1077703
Robert Gonzalez,43,Master's,18,Data Scientist,1538549
Melissa Miller,50,Bachelor's,12,Designer,1102574
Jessica Moore,43,Bachelor's,14,Software Engineer,1385413
Joseph Lopez,38,Bachelor's,14,Analyst,1028288
Nicole Thomas,27,Bachelor's,1,Product Manager,579801
Daniel Taylor,51,Master's,20,Product Manager,1802114
Joseph Rodriguez,33,Bachelor's,0,Data Scientist,598741
John Hernandez,37,Bachelor's,8,Designer,814658
Jessica Smith,26,Bachelor's,2,Product Manager,690293
Jane Thomas,55,Bachelor's,32,Designer,2013903
Amanda Jackson,38,Bachelor's,16,Data Scientist,1366489
Sarah Brown,21,Bachelor's,0,Data Scientist,537937
Jessica Rodriguez,54,Bachelor's,24,Designer,1714498
Jane Davis,45,Bachelor's,15,Designer,1251286
Joseph Lopez,29,Bachelor's,0,Data Scientist,584661
Sarah Davis,60,Bachelor's,17,Designer,1378772
William Lopez,26,Bachelor's,4,Designer,607996
John Lopez,59,Bachelor's,30,Designer,1953683
Daniel Jones,50,Bachelor's,24,Designer,1618664
James Thomas,29,Master's,3,Designer,692280
Ashley Garcia,29,Bachelor's,8,Analyst,732783
Jane Williams,25,Bachelor's,4,Software Engineer,688597
Jessica Martin,38,Master's,14,Data Scientist,1403681
John Taylor,28,Bachelor's,2,Analyst,522456
John Hernandez,29,Bachelor's,4,Designer,636287
James Jones,57,PhD,9,Product Manager,1440983
Sarah Hernandez,29,Bachelor's,3,Software Engineer,728814
John Jones,59,Bachelor's,38,Designer,2283700
David Brown,49,Bachelor's,13,Designer,1145332
Amanda Williams,37,Master's,12,Product Manager,1294796
Joseph Jackson,33,Bachelor's,9,Software Engineer,1008888
William Martinez,55,Bachelor's,17,Product Manager,1433970
David Garcia,40,Bachelor's,4,Analyst,575287
Stephanie Hernandez,36,PhD,15,Data Scientist,1651595
Nicole Martin,24,Master's,2,Product Manager,744344
Jessica Jackson,45,Bachelor's,15,Data Scientist,1325626
Joseph Martinez,60,Bachelor's,7,Product Manager,1054600
David Garcia,37,Master's,12,Software Engineer,1413582
Daniel Gonzalez,47,Master's,9,Designer,1140790
Jane Garcia,43,Master's,5,Designer,885793
William Martin,45,Bachelor's,22,Data Scientist,1683230
Daniel Brown,54,Master's,27,Analyst,1963205
David Hernandez,58,Bachelor's,13,Software Engineer,1323113
Jessica Lopez,59,PhD,29,Product Manager,2353602
Sarah Williams,40,Bachelor's,15,Product Manager,1370583
Chris Smith,24,Master's,2,Product Manager,839564
James Davis,60,Master's,6,Software Engineer,1202971
Amanda Rodriguez,43,Master's,8,Software Engineer,1159023
John Johnson,53,Bachelor's,16,Analyst,1261152
Chris Wilson,55,Master's,13,Data Scientist,1498241
Melissa Thomas,51,Master's,30,Analyst,1962813
Amanda Moore,34,Bachelor's,1,Analyst,477304
Emily Thomas,26,Master's,2,Designer,636754
Jessica Garcia,23,PhD,1,Analyst,790731
Michael Johnson,54,PhD,23,Product Manager,2093652
John Hernandez,54,Bachelor's,14,Product Manager,1360352
Emily Williams,49,Bachelor's,1,Product Manager,711067
Sarah Gonzalez,45,Bachelor's,5,Data Scientist,917182
Michael Moore,47,Bachelor's,21,Software Engineer,1651821
William Martin,50,Bachelor's,28,Designer,1811154
Stephanie Smith,42,Master's,2,Analyst,719429
Sarah Martin,37,Bachelor's,15,Analyst,1157033
Sarah Johnson,22,Bachelor's,1,Software Engineer,614863
William Miller,59,Bachelor's,24,Data Scientist,1765534
Melissa Moore,40,Bachelor's,15,Designer,1175027
Robert Martinez,22,Bachelor's,0,Product Manager,653425
Jessica Brown,42,Master's,21,Software Engineer,1739742
Joseph Jackson,21,Bachelor's,0,Designer,408464
Stephanie Jones,21,Bachelor's,0,Software Engineer,437917
Amanda Smith,52,Master's,0,Analyst,662139
Michael Martinez,56,Bachelor's,5,Designer,864326
Stephanie Miller,44,Master's,23,Software Engineer,1797104
John Miller,38,Master's,12,Data Scientist,1391858
Ashley Williams,37,Master's,14,Analyst,1250365
Emily Martinez,50,Bachelor's,25,Analyst,1645890
Stephanie Thomas,26,Master's,5,Product Manager,881970
Michael Moore,24,Bachelor's,1,Analyst,397379
Sarah Lopez,46,Master's,13,Analyst,1254024
Amanda Garcia,32,Bachelor's,9,Analyst,806984
Jane Rodriguez,44,PhD,5,Analyst,1095014
Chris Rodriguez,44,Bachelor's,14,Data Scientist,1295516
Robert Jackson,55,Bachelor's,29,Software Engineer,1984390
David Brown,31,Master's,3,Software Engineer,880360
Amanda Moore,21,PhD,0,Analyst,767664
Daniel Davis,38,Bachelor's,16,Designer,1277358
Jane Gonzalez,42,Master's,2,Designer,790547
Melissa Moore,39,Bachelor's,11,Analyst,949823
Daniel Davis,41,Bachelor's,20,Analyst,1308925
Ashley Williams,60,Bachelor's,25,Analyst,1663426
Jane Taylor,27,Bachelor's,3,Designer,603287
Matthew Jackson,24,Bachelor's,1,Designer,503524
David Brown,30,Bachelor's,1,Analyst,409277
Sarah Garcia,57,Master's,11,Data Scientist,1435132
James Jones,26,Bachelor's,2,Software Engineer,699192
Melissa Williams,53,PhD,22,Analyst,1829638
James Jones,47,Master's,25,Designer,1792029
Robert Hernandez,56,PhD,26,Software Engineer,2233564
Michael Gonzalez,53,PhD,15,Designer,1599930
Joseph Moore,36,Bachelor's,13,Product Manager,1245585
Robert Taylor,49,Bachelor's,1,Analyst,591019
John Martin,43,Master's,6,Designer,1012578
Matthew Wilson,27,Bachelor's,0,Software Engineer,574236
Melissa Jones,34,Master's,3,Data Scientist,880998
Daniel Jackson,54,Master's,29,Designer,2012927
Emily Brown,37,Bachelor's,0,Designer,468748
Emily Martinez,32,Bachelor's,7,Designer,765480
Amanda Wilson,52,Master's,14,Product Manager,1459578
Joseph Thomas,22,Bachelor's,0,Designer,449631
Elizabeth Thomas,27,Bachelor's,4,Software Engineer,702601
Sarah Rodriguez,30,Master's,8,Analyst,968255
David Martin,58,Bachelor's,23,Designer,1623248
Joseph Johnson,57,Bachelor's,1,Analyst,568438
William Davis,44,Bachelor's,8,Software Engineer,1024304
Stephanie Rodriguez,50,Master's,7,Product Manager,1130728
John Hernandez,41,Bachelor's,20,Product Manager,1536073
Ashley Rodriguez,37,Bachelor's,9,Analyst,844179
Emily Davis,57,Bachelor's,17,Data Scientist,1519935
Ashley Anderson,29,Master's,4,Product Manager,917482
Robert Wilson,46,Bachelor's,19,Designer,1368424
Michael Miller,38,Bachelor's,2,Analyst,567326
James Wilson,39,Bachelor's,16,Analyst,1104162
Matthew Lopez,23,Master's,2,Software Engineer,755724
Matthew Garcia,46,PhD,2,Software Engineer,1115450
Ashley Taylor,56,Bachelor's,15,Analyst,1269421
David Taylor,21,Bachelor's,0,Designer,486762
John Garcia,28,Bachelor's,4,Data Scientist,749297
James Johnson,26,Bachelor's,3,Data Scientist,741687
Jane Anderson,46,Bachelor's,13,Software Engineer,1317976
Amanda Miller,46,Bachelor's,24,Product Manager,1714558
Amanda Anderson,32,Bachelor's,9,Designer,794463
Joseph Brown,33,Master's,7,Software Engineer,1071978
Jessica Lopez,56,Bachelor's,1,Analyst,657573
Elizabeth Anderson,43,Bachelor's,14,Data Scientist,1277337
Stephanie Jackson,22,Master's,1,Designer,611491
Amanda Lopez,23,Master's,2,Data Scientist,742753
Robert Williams,26,Master's,4,Product Manager,944069
John Gonzalez,42,Bachelor's,17,Software Engineer,1425073
Sarah Jackson,60,Bachelor's,6,Data Scientist,1089511
Jessica Davis,39,Bachelor's,5,Data Scientist,943811
Robert Wilson,35,Bachelor's,2,Designer,543300
John Smith,43,Bachelor's,20,Analyst,1323855
David Garcia,37,Bachelor's,7,Designer,852301
John Davis,31,Master's,5,Product Manager,952054
Elizabeth Martinez,34,Master's,6,Product Manager,1118420
Melissa Gonzalez,32,Bachelor's,5,Product Manager,811990
Chris Rodriguez,51,Bachelor's,18,Data Scientist,1548157
Chris Martinez,59,Bachelor's,3,Designer,796126
Elizabeth Gonzalez,24,Master's,1,Designer,674473
Emily Smith,22,Master's,1,Designer,573020
Amanda Moore,31,Master's,8,Designer,1012554
Elizabeth Martinez,29,Bachelor's,1,Product Manager,641215
Emily Thomas,30,Master's,4,Software Engineer,828716
William Rodriguez,28,Bachelor's,3,Product Manager,799241
Robert Rodriguez,41,Bachelor's,20,Product Manager,1522072
James Jones,50,Master's,6,Designer,939706
Jessica Johnson,46,Master's,5,Designer,901776
Joseph Hernandez,42,Master's,11,Data Scientist,1304606
John Thomas,30,PhD,7,Product Manager,1275739
Robert Wilson,26,Bachelor's,4,Analyst,505826
Joseph Johnson,38,Bachelor's,11,Designer,913078
Daniel Miller,47,Bachelor's,9,Product Manager,1056100
Jessica Moore,54,Bachelor's,22,Analyst,1519758
Amanda Taylor,27,Master's,0,Product Manager,701665
Sarah Moore,54,Bachelor's,19,Data Scientist,1528950
Ashley Brown,38,Bachelor's,13,Analyst,1073817
David Rodriguez,30,Master's,6,Designer,911174
Sarah Hernandez,31,PhD,1,Software Engineer,985221
Jessica Lopez,60,Bachelor's,24,Data Scientist,1878068
Ashley Wilson,39,Bachelor's,17,Product Manager,1477246
Amanda Rodriguez,36,Bachelor's,0,Designer,490476
Ashley Anderson,54,Bachelor's,7,Software Engineer,972046
Stephanie Johnson,33,Bachelor's,2,Designer,584146
Daniel Martin,46,Bachelor's,7,Software Engineer,943861
Stephanie Miller,31,Bachelor's,1,Designer,520384
Emily Gonzalez,42,Bachelor's,11,Designer,1056927
Ashley Wilson,44,Bachelor's,11,Software Engineer,1161310
David Jones,60,Bachelor's,8,Data Scientist,1145529
William Wilson,30,Master's,3,Designer,793416
Chris Jones,35,Bachelor's,9,Product Manager,996885
Sarah Williams,55,Bachelor's,14,Analyst,1234759
William Garcia,41,Bachelor's,5,Product Manager,903845
Jane Smith,57,Bachelor's,22,Analyst,1473847
Robert Miller,47,Bachelor's,6,Data Scientist,963701
Daniel Garcia,24,Bachelor's,3,Analyst,495338
Michael Jones,45,Bachelor's,11,Designer,1056697
Melissa Wilson,48,Bachelor's,8,Analyst,864986
Melissa Thomas,48,Bachelor's,23,Analyst,1499580
John Johnson,34,PhD,10,Designer,1187703
James Lopez,24,Bachelor's,0,Software Engineer,580707
William Taylor,30,Bachelor's,8,Data Scientist,1013182
John Smith,35,Bachelor's,4,Data Scientist,792352
Jessica Lopez,24,Master's,2,Product Manager,778900
David Brown,60,PhD,35,Analyst,2486423
Matthew Jackson,23,Master's,0,Product Manager,682774
Sarah Williams,38,PhD,10,Software Engineer,1401327
Ashley Martinez,34,Bachelor's,3,Analyst,516029
Matthew Martin,35,Bachelor's,11,Designer,997707
William Wilson,21,Bachelor's,0,Data Scientist,547177
William Thomas,46,Bachelor's,16,Product Manager,1408283
James Garcia,59,Bachelor's,25,Analyst,1639583
John Davis,58,Bachelor's,22,Data Scientist,1712402
David Miller,27,Bachelor's,6,Software Engineer,906551
Daniel Taylor,44,Master's,7,Data Scientist,1152047
Emily Lopez,60,Master's,33,Software Engineer,2314899
Joseph Rodriguez,46,Bachelor's,15,Designer,1218918
Elizabeth Johnson,36,Bachelor's,15,Designer,1256181
Jane Brown,50,Master's,3,Software Engineer,996445
Jane Brown,32,Bachelor's,6,Analyst,706758
Chris Gonzalez,24,Master's,2,Software Engineer,765266
Nicole Rodriguez,40,Master's,14,Analyst,1224704
David Miller,36,Bachelor's,4,Software Engineer,841781
Ashley Wilson,39,Bachelor's,12,Software Engineer,1173834
Matthew Rodriguez,56,Master's,35,Designer,2333602
Elizabeth Jones,30,Bachelor's,9,Analyst,800313
Emily Taylor,59,Bachelor's,4,Designer,771138
Emily Martinez,41,Bachelor's,7,Software Engineer,905378
Emily Thomas,59,Bachelor's,13,Data Scientist,1333977
Elizabeth Miller,51,Master's,19,Product Manager,1724059
Matthew Miller,58,Master's,18,Product Manager,1694735
Melissa Martinez,56,Bachelor's,9,Data Scientist,1195460
Jane Moore,21,Master's,0,Analyst,527153
James Thomas,36,PhD,7,Product Manager,1298211
Jessica Smith,40,Bachelor's,5,Software Engineer,792945
Michael Brown,49,Bachelor's,18,Designer,1407816
Stephanie Jones,21,Bachelor's,0,Software Engineer,509066
Matthew Williams,60,Master's,2,Software Engineer,1014586
Robert Davis,58,Bachelor's,19,Analyst,1391927
Ashley Rodriguez,43,Bachelor's,5,Analyst,677297
Jane Brown,33,PhD,0,Data Scientist,957181
Jane Martinez,22,Master's,0,Product Manager,698490
William Wilson,39,Bachelor's,16,Software Engineer,1368898
Emily Johnson,60,PhD,3,Software Engineer,1202487
David Garcia,25,Master's,3,Product Manager,854248
Amanda Anderson,44,Bachelor's,13,Designer,1132227
Robert Williams,39,Bachelor's,11,Product Manager,1158465
William Garcia,43,Master's,16,Software Engineer,1534808
Joseph Gonzalez,52,Bachelor's,27,Analyst,1712209
Robert Gonzalez,55,Master's,21,Analyst,1616659
Melissa Garcia,32,Bachelor's,3,Software Engineer,725812
David Johnson,52,Bachelor's,29,Data Scientist,1947105
Emily Wilson,42,Master's,17,Designer,1463909
Stephanie Jackson,59,Bachelor's,28,Analyst,1773551
Sarah Martin,28,PhD,5,Analyst,929489
Amanda Martin,58,Master's,8,Software Engineer,1301135
David Thomas,28,Bachelor's,6,Analyst,702415
Emily Wilson,50,Master's,3,Analyst,905664
Jane Williams,45,Bachelor's,11,Product Manager,1154273
William Smith,40,Bachelor's,5,Designer,723335
Daniel Jackson,35,Bachelor's,7,Data Scientist,964631
William Taylor,58,Bachelor's,11,Designer,1125211
Elizabeth Brown,22,Bachelor's,1,Analyst,452082
Jessica Thomas,27,Bachelor's,5,Product Manager,835001
Joseph Jones,59,Bachelor's,33,Designer,2130794
Elizabeth Johnson,54,Bachelor's,14,Software Engineer,1361841
Sarah Taylor,57,Bachelor's,31,Analyst,1955663
Stephanie Garcia,22,Bachelor's,1,Software Engineer,517913
Stephanie Hernandez,44,Bachelor's,16,Data Scientist,1442975
William Rodriguez,29,Bachelor's,2,Software Engineer,699598
Matthew Davis,58,Master's,3,Designer,842462
Joseph Gonzalez,57,Bachelor's,34,Data Scientist,2157543
Michael Anderson,45,Bachelor's,7,Analyst,757740
Daniel Anderson,55,Master's,16,Software Engineer,1600927
Stephanie Anderson,33,Bachelor's,3,Product Manager,756255
Emily Thomas,42,Bachelor's,14,Software Engineer,1269698
Emily Gonzalez,23,Master's,2,Analyst,613606
Jane Moore,33,Bachelor's,7,Designer,774576
John Williams,60,Bachelor's,15,Designer,1378555
Elizabeth Martinez,30,Master's,9,Designer,1043894
Nicole Miller,23,Bachelor's,2,Analyst,378534
William Lopez,52,Bachelor's,19,Software Engineer,1543866
Jessica Anderson,36,Bachelor's,8,Product Manager,978565
Nicole Martin,26,Bachelor's,4,Designer,563659
Stephanie Lopez,26,Master's,5,Analyst,747414
Emily Brown,49,Bachelor's,7,Data Scientist,1042858
John Hernandez,53,Master's,21,Product Manager,1834906
Ashley Moore,57,Bachelor's,29,Designer,1871873
Amanda Brown,30,Bachelor's,9,Software Engineer,1000659
Sarah Thomas,54,Bachelor's,27,Data Scientist,1898962
Melissa Brown,33,Bachelor's,8,Product Manager,974551
Elizabeth Miller,59,Master's,19,Data Scientist,1801149
Emily Gonzalez,47,Master's,25,Data Scientist,1953430
Chris Miller,58,PhD,4,Product Manager,1210745
Emily Wilson,54,Bachelor's,14,Software Engineer,1448262
Daniel Brown,49,Master's,21,Analyst,1604496
Chris Jackson,59,Bachelor's,3,Designer,773546
David Thomas,31,PhD,0,Software Engineer,977661
Matthew Johnson,31,Bachelor's,10,Designer,868801
Melissa Jackson,22,Bachelor's,0,Analyst,312900
Matthew Garcia,38,Bachelor's,0,Designer,438856
Sarah Jones,21,PhD,0,Software Engineer,885584
Joseph Martin,58,Bachelor's,19,Designer,1515449
William Taylor,30,Master's,4,Analyst,718744
Melissa Martin,54,Master's,30,Data Scientist,2221165
Robert Gonzalez,26,PhD,0,Product Manager,839517
Ashley Anderson,25,Master's,1,Data Scientist,829216
David Wilson,46,Bachelor's,7,Designer,914314
Matthew Martinez,35,Bachelor's,10,Designer,958192
William Moore,22,Master's,1,Data Scientist,778832
James Miller,46,Bachelor's,25,Designer,1640617
Ashley Lopez,27,Bachelor's,5,Data Scientist,748027
Sarah Taylor,41,Bachelor's,19,Designer,1452174
William Brown,49,Bachelor's,15,Product Manager,1426523
Nicole Thomas,50,Master's,25,Designer,1865636
Daniel Wilson,57,PhD,21,Designer,1919541
Ashley Wilson,60,Bachelor's,28,Software Engineer,1975667
Matthew Brown,34,Bachelor's,4,Software Engineer,758267
Joseph Jones,29,Bachelor's,8,Software Engineer,972255
Jane Miller,48,Master's,7,Product Manager,1214923
Sarah Martinez,25,Bachelor's,1,Product Manager,576729
David Johnson,22,Master's,0,Product Manager,683781
